[
  { "background": "#FDE8D0", "border": "#F4D2B5" },
  { "background": "#CFF3E1", "border": "#B3E0CE" },
  { "background": "#F9E3E3", "border": "#E7C7C7" },
  { "background": "#E8F3FE", "border": "#C7E0FB" },
  { "background": "#F7E6FF", "border": "#E2C7F3" },
  { "background": "#FFF9D9", "border": "#F2EFB8" },
  { "background": "#FFE1C9", "border": "#EBC3A8" },
  { "background": "#E4F9F5", "border": "#C3E9E5" },
  { "background": "#FBE4EC", "border": "#EAC7D4" },
  { "background": "#E7ECF2", "border": "#CAD3E1" },
  { "background": "#FFF5DA", "border": "#FFE3BA" },
  { "background": "#D0E9F3", "border": "#B1D6E0" },
  { "background": "#F6E7D9", "border": "#E0D0B9" },
  { "background": "#F5E8F4", "border": "#E2C9E1" },
  { "background": "#E8FAF6", "border": "#CAE8E2" },
  { "background": "#FDF0E0", "border": "#EED6C2" },
  { "background": "#E2F3E5", "border": "#C4E0CC" },
  { "background": "#FAE9F0", "border": "#EAC7D9" },
  { "background": "#F2EBF8", "border": "#D6CBE3" },
  { "background": "#FDF5E3", "border": "#EEDDC5" },
  { "background": "#E9E9F8", "border": "#CBCBE4" },
  { "background": "#FFF0E1", "border": "#EFD8C1" },
  { "background": "#DDF5F0", "border": "#C0E4DE" },
  { "background": "#FFE2ED", "border": "#EBC3D0" },
  { "background": "#EDF2FA", "border": "#CFD9EA" },
  { "background": "#FFF5D9", "border": "#FFE4B8" },
  { "background": "#E2EAF2", "border": "#C5D3E0" },
  { "background": "#FFEFE0", "border": "#EED2C2" },
  { "background": "#E2F8F4", "border": "#C5E6E0" },
  { "background": "#FAE8E9", "border": "#EACACB" },
  { "background": "#F5E8FF", "border": "#DFC8F0" },
  { "background": "#F6FAE8", "border": "#D7E6C6" },
  { "background": "#E3FFF9", "border": "#C2EFE8" },
  { "background": "#FEE7E3", "border": "#EBC7C2" },
  { "background": "#EBF4FF", "border": "#D0DBF0" },
  { "background": "#FFF9E7", "border": "#F2E5C5" },
  { "background": "#E4F7EC", "border": "#C4E4D2" },
  { "background": "#FFF0ED", "border": "#EFD4C9" },
  { "background": "#E7FAE9", "border": "#C6E9C8" },
  { "background": "#FAF2FD", "border": "#E5D7E7" },
  { "background": "#E2FFF6", "border": "#C0EDE0" },
  { "background": "#F8E4E9", "border": "#E5C4C9" },
  { "background": "#EBE8FF", "border": "#CFCBEF" },
  { "background": "#FFF9E4", "border": "#F2E4C2" },
  { "background": "#E6F8E9", "border": "#C6E9C8" },
  { "background": "#FFE4FA", "border": "#E3C5E8" },
  { "background": "#FAFFF0", "border": "#D6EBC4" },
  { "background": "#D8FFF6", "border": "#BAE7E0" },
  { "background": "#FFE3E4", "border": "#EBC3C5" }
]
